Name,CustomerCode,BirthDate,MaritalStatus,Gender,PostCode,City
Adriana Ocampo ,CC-001,01/02/1977,Single,M,NW1 8GV,London
Albert Einstein,CC-002,03/05/1988,Married,M,NE1 8GH,London
Anna Behrensmeyer,CC-003,04/09/1990,Single,F,N8 9GV,London
Blaise Pascal,CC-004,05/08/1997,Married,M,SE8 9GV,London
Caroline Herschel,CC-005,06/05/1990,Single,F,N6 9YH,London
Cecilia Payne-Gaposchkin,CC-006,07/03/1958,Married,F,EC3 0YU,London
Chien-Shiung Wu,CC-007,08/01/1968,Single,M,E8 9YU,London
Dorothy Hodgkin,CC-008,09/09/1957,Married,F,M1 9UU,Manchester
Edmond Halley,CC-009,10/03/1972,Single,M,M8 9JJ,Manchester
Edwin Hubble,CC-010,11/12/1980,Married,Male,M1 0GG,Manchester
Elizabeth Blackburn,CC-011,12/11/1991,Single,Female,M3 9YY,Manchester
Enrico Fermi,CC-012,13/08/1978,Married,Male,B2 8UU,Birmingham
Erwin Schroedinger,CC-013,14/04/1986,Married,Male,B11 8UU,Birmingham
Flossie Wong-Staal,CC-014,15/04/1966,Single,Male,B2 9NN,Birmingham
Frieda Robscheit-Robbins,CC-015,16/02/1989,Married,Male,B3 0JJ,Birmingham
Geraldine Seydoux,CC-016,17/09/1990,Married,Male,B9 4JJ,Birmingham
Gertrude Elion,CC-017,18/08/1977,Single,Male,L2 8HH,Liverpool
Ingrid Daubechies,CC-018,19/04/1945,Married,Male,L2 9NN,Liverpool
Jacqueline Barton,CC-019,20/07/1999,Married,Female,L9 0KK,Liverpool
Marie Curie,CC-020,21/02/1947,Married,Female,L1 7LM,Liverpool
